order_id,total_price,unique_pizza_count,total_qty,order_date,unit_price,min_pizza_size,max_pizza_size,unique_category_count
1,13.25,1,1,1/1/2015,13.25,M,M,1
2,92,5,5,1/1/2015,18.4,M,L,4
3,37.25,2,2,1/1/2015,18.625,M,L,1
4,16.5,1,1,1/1/2015,16.5,M,M,1
5,16.5,1,1,1/1/2015,16.5,M,M,1
6,24.75,2,2,1/1/2015,12.375,S,S,2
7,12.5,1,1,1/1/2015,12.5,S,S,1
8,12.5,1,1,1/1/2015,12.5,S,S,1
9,143.25,9,9,1/1/2015,15.916666666666666,S,L,3
10,41,2,2,1/1/2015,20.5,L,L,2
11,73.5,4,4,1/1/2015,18.375,M,L,2
12,70.75,4,4,1/1/2015,17.6875,S,L,2
13,20.25,1,1,1/1/2015,20.25,L,L,1
14,12,1,1,1/1/2015,12,S,S,1
15,63.25,4,4,1/1/2015,15.8125,S,L,3
16,50.7,3,3,1/1/2015,16.900000000000002,S,L,3
17,184.5,10,11,1/1/2015,16.85,S,L,3
18,20.5,1,1,1/1/2015,20.5,L,L,1
19,40.75,2,2,1/1/2015,20.375,L,L,2
20,30.5,2,2,1/1/2015,15.25,S,L,2
21,20.5,1,1,1/1/2015,20.5,L,L,1
22,55.25,3,3,1/1/2015,18.416666666666668,M,L,3
23,12.75,1,1,1/1/2015,12.75,S,S,1
24,57.75,4,4,1/1/2015,14.4375,S,M,3
25,37,2,2,1/1/2015,18.5,M,L,2
26,32.25,2,2,1/1/2015,16.125,S,L,2
27,57,3,3,1/1/2015,19,M,L,3
28,12.75,1,1,1/1/2015,12.75,S,S,1
29,12,1,1,1/1/2015,12,S,S,1
30,20.75,1,1,1/1/2015,20.75,L,L,1
31,25.75,2,2,1/1/2015,12.875,S,M,2
32,69.25,4,4,1/1/2015,17.3125,S,L,3
33,32.75,2,2,1/1/2015,16.375,S,L,2
34,12,1,1,1/1/2015,12,S,S,1
35,66.75,4,4,1/1/2015,16.6875,M,L,3
36,32.75,2,2,1/1/2015,16.375,M,M,2
37,41,2,2,1/1/2015,20.5,L,L,2
38,31,2,2,1/1/2015,15.5,S,L,1
39,20.75,1,1,1/1/2015,20.75,L,L,1
40,30.7,2,2,1/1/2015,15.35,S,L,2
41,26.75,2,2,1/1/2015,13.375,S,M,1
42,67.25,4,4,1/1/2015,16.8125,S,L,3
43,54,3,3,1/1/2015,18,M,L,2
44,12.5,1,1,1/1/2015,12.5,S,S,1
45,45.2,3,3,1/1/2015,15.066666666666668,S,L,3
46,58,3,3,1/1/2015,19.333333333333332,M,L,2
47,32.75,2,2,1/1/2015,16.375,S,L,2
48,70.25,4,4,1/1/2015,17.5625,S,L,3
49,20.25,1,1,1/1/2015,20.25,L,L,1
50,25.5,1,1,1/1/2015,25.5,XL,XL,1
51,38.25,2,2,1/1/2015,19.125,L,L,2
52,57.5,3,3,1/1/2015,19.166666666666668,L,L,3
53,27.5,2,2,1/1/2015,13.75,S,M,2
54,37.25,2,2,1/1/2015,18.625,M,L,2
55,33.25,2,2,1/1/2015,16.625,S,L,1
56,53,3,3,1/1/2015,17.666666666666668,M,L,3
57,16,1,1,1/1/2015,16,M,M,1
58,31,2,2,1/1/2015,15.5,M,L,2
59,39,3,3,1/1/2015,13,S,L,2
60,35.5,2,2,1/1/2015,17.75,M,L,2
61,37.5,2,2,1/1/2015,18.75,M,L,2
62,33.25,2,2,1/1/2015,16.625,M,M,2
63,14.5,1,1,1/1/2015,14.5,M,M,1
64,12,1,1,1/1/2015,12,S,S,1
65,52.25,4,4,1/1/2015,13.0625,S,M,2
66,32,2,2,1/1/2015,16,M,M,1
67,20.75,1,1,1/1/2015,20.75,L,L,1
68,53.25,3,3,1/1/2015,17.75,M,L,2
69,20.75,1,1,1/1/2015,20.75,L,L,1
70,33.5,2,2,1/2/2015,16.75,S,L,2
71,20.75,1,1,1/2/2015,20.75,L,L,1
72,20.25,1,1,1/2/2015,20.25,L,L,1
73,12.75,1,1,1/2/2015,12.75,S,S,1
74,72,4,4,1/2/2015,18,S,L,2
75,53.25,3,3,1/2/2015,17.75,S,L,3
76,70.25,4,4,1/2/2015,17.5625,S,L,3
77,30,2,2,1/2/2015,15,M,M,2
78,132.95,6,8,1/2/2015,15.241666666666667,S,L,4
79,52.25,3,3,1/2/2015,17.416666666666668,S,L,2
80,26.5,2,2,1/2/2015,13.25,S,M,2
81,20.75,1,1,1/2/2015,20.75,L,L,1
82,65.5,4,4,1/2/2015,16.375,S,L,4
83,12.75,1,1,1/2/2015,12.75,S,S,1
84,15.25,1,1,1/2/2015,15.25,L,L,1
85,64.75,4,4,1/2/2015,16.1875,S,L,2
86,16.5,1,1,1/2/2015,16.5,L,L,1
87,65.25,4,4,1/2/2015,16.3125,S,L,3
88,18.5,1,1,1/2/2015,18.5,L,L,1
89,41.5,2,2,1/2/2015,20.75,L,L,2
90,33,2,2,1/2/2015,16.5,S,L,2
91,64,3,4,1/2/2015,14.416666666666666,S,L,2
92,152.25,9,10,1/2/2015,15.13888888888889,S,L,4
93,16.25,1,1,1/2/2015,16.25,M,M,1
94,28.75,2,2,1/2/2015,14.375,S,M,2
95,32.75,2,2,1/2/2015,16.375,S,L,2
96,12,1,1,1/2/2015,12,S,S,1
97,12,1,1,1/2/2015,12,S,S,1
98,41,2,2,1/2/2015,20.5,L,L,1
99,20.75,1,1,1/2/2015,20.75,L,L,1
100,16.5,1,1,1/2/2015,16.5,L,L,1
101,73.25,4,4,1/2/2015,18.3125,M,L,3
102,25.25,2,2,1/2/2015,12.625,S,S,2
103,12.5,1,1,1/2/2015,12.5,S,S,1
104,70.5,4,4,1/2/2015,17.625,M,L,2
105,52.75,3,4,1/2/2015,14.083333333333334,S,L,2
106,41,2,2,1/2/2015,20.5,L,L,2
107,78.25,4,4,1/2/2015,19.5625,M,L,3
108,57.75,3,3,1/2/2015,19.25,L,L,2
109,74.5,4,4,1/2/2015,18.625,M,L,2
110,65.75,4,4,1/2/2015,16.4375,S,L,2
111,68.5,4,4,1/2/2015,17.125,M,L,3
112,9.75,1,1,1/2/2015,9.75,S,S,1
113,57.75,3,3,1/2/2015,19.25,M,L,2
114,27.5,2,2,1/2/2015,13.75,S,L,2
115,49.25,3,3,1/2/2015,16.416666666666668,S,L,2
116,18.5,1,1,1/2/2015,18.5,L,L,1
117,36.75,2,2,1/2/2015,18.375,M,L,1
118,32.75,2,2,1/2/2015,16.375,S,L,2
119,14.75,1,1,1/2/2015,14.75,M,M,1
120,42.75,3,3,1/2/2015,14.25,S,L,2
121,75.7,4,4,1/2/2015,18.925,M,L,3
122,16.5,1,1,1/2/2015,16.5,M,M,1
123,12,1,1,1/2/2015,12,S,S,1
124,65.75,4,4,1/2/2015,16.4375,S,L,3
125,25.5,1,1,1/2/2015,25.5,XL,XL,1
126,20.25,1,1,1/2/2015,20.25,L,L,1
127,12.5,1,1,1/2/2015,12.5,M,M,1
128,12.5,1,1,1/2/2015,12.5,S,S,1
129,28,2,2,1/2/2015,14,S,M,1
130,59.75,4,4,1/2/2015,14.9375,S,L,3
131,63.75,4,4,1/2/2015,15.9375,S,L,3
132,9.75,1,1,1/2/2015,9.75,S,S,1
133,49.25,3,3,1/2/2015,16.416666666666668,S,L,2
134,45.25,3,3,1/2/2015,15.083333333333334,S,L,3
135,20.25,1,1,1/2/2015,20.25,L,L,1
136,31,2,2,1/2/2015,15.5,S,L,2
137,46.5,3,3,1/3/2015,15.5,S,L,3
138,71.95,4,4,1/3/2015,17.9875,M,L,3
139,18.5,1,1,1/3/2015,18.5,L,L,1
140,28.5,2,2,1/3/2015,14.25,S,M,2
141,16,1,1,1/3/2015,16,M,M,1
142,16,1,1,1/3/2015,16,M,M,1
143,121.75,8,8,1/3/2015,15.21875,S,L,4
144,238.45,12,14,1/3/2015,17.079166666666666,S,L,4
145,12,1,1,1/3/2015,12,S,S,1
146,48.75,3,3,1/3/2015,16.25,M,L,3
147,25.5,1,1,1/3/2015,25.5,XL,XL,1
148,12,1,1,1/3/2015,12,S,S,1
149,16,1,1,1/3/2015,16,M,M,1
150,12.5,1,1,1/3/2015,12.5,M,M,1
151,33.25,2,2,1/3/2015,16.625,S,L,2
152,59.5,4,4,1/3/2015,14.875,S,L,3
153,16,1,1,1/3/2015,16,M,M,1
154,12.5,1,1,1/3/2015,12.5,S,S,1
155,69.25,4,4,1/3/2015,17.3125,S,L,3
156,36.75,2,2,1/3/2015,18.375,M,L,2
157,69.5,4,4,1/3/2015,17.375,M,L,2
158,33.5,2,2,1/3/2015,16.75,M,M,2
159,34.7,2,2,1/3/2015,17.35,M,L,2
160,16,1,1,1/3/2015,16,M,M,1
161,52.5,3,3,1/3/2015,17.5,XL,M,2
162,12,1,1,1/3/2015,12,S,S,1
163,44.5,3,3,1/3/2015,14.833333333333334,M,L,1
164,33.25,2,2,1/3/2015,16.625,M,L,2
165,16.5,1,1,1/3/2015,16.5,M,M,1
166,12.5,1,1,1/3/2015,12.5,S,S,1
167,49.75,3,3,1/3/2015,16.583333333333332,M,L,3
168,28,2,2,1/3/2015,14,S,M,2
169,46.2,3,3,1/3/2015,15.4,S,L,3
170,16.5,1,1,1/3/2015,16.5,L,L,1
171,16,1,1,1/3/2015,16,M,M,1
172,49.25,3,3,1/3/2015,16.416666666666668,S,L,3
173,53,3,3,1/3/2015,17.666666666666668,M,L,3
174,65.5,4,4,1/3/2015,16.375,S,L,2
175,20.75,1,1,1/3/2015,20.75,L,L,1
176,37.25,2,2,1/3/2015,18.625,M,L,2
177,32.75,2,2,1/3/2015,16.375,S,L,2
178,20.75,1,1,1/3/2015,20.75,L,L,1
179,44.75,3,3,1/3/2015,14.916666666666666,S,L,3
180,41.25,2,2,1/3/2015,20.625,L,L,2
181,20.25,1,1,1/3/2015,20.25,L,L,1
182,44.4,2,2,1/3/2015,22.2,S,L,1
183,49.25,3,3,1/3/2015,16.416666666666668,S,L,2
184,16.5,1,1,1/3/2015,16.5,L,L,1
185,28.75,2,2,1/3/2015,14.375,S,M,2
186,82.5,4,4,1/3/2015,20.625,L,L,2
187,39.25,2,2,1/3/2015,19.625,L,L,1
188,49,3,3,1/3/2015,16.333333333333332,S,L,3
189,36.75,2,3,1/3/2015,12.375,S,S,2
190,67.25,4,4,1/3/2015,16.8125,S,L,4
191,37.5,2,2,1/3/2015,18.75,M,L,1
192,33,2,2,1/3/2015,16.5,S,L,2
193,70.25,3,4,1/3/2015,16.5,S,L,2
194,12.75,1,1,1/3/2015,12.75,S,S,1
195,20.75,1,1,1/3/2015,20.75,L,L,1
196,44.75,3,3,1/3/2015,14.916666666666666,S,M,2
197,80.2,4,4,1/3/2015,20.05,L,L,3
198,32.75,2,2,1/3/2015,16.375,S,L,2
199,16.75,1,1,1/3/2015,16.75,M,M,1
200,25.5,1,1,1/3/2015,25.5,XL,XL,1
201,83.25,4,4,1/3/2015,20.8125,XL,L,3
202,12.75,1,1,1/3/2015,12.75,S,S,1
203,67,4,4,1/4/2015,16.75,S,L,3
204,20.75,1,1,1/4/2015,20.75,L,L,1
205,42,3,3,1/4/2015,14,S,M,2
206,46.5,3,3,1/4/2015,15.5,S,L,2
207,20.75,1,1,1/4/2015,20.75,L,L,1
208,78.75,5,5,1/4/2015,15.75,S,L,2
209,20.75,1,1,1/4/2015,20.75,L,L,1
210,12,1,1,1/4/2015,12,S,S,1
211,9.75,1,1,1/4/2015,9.75,S,S,1
212,20.5,1,1,1/4/2015,20.5,L,L,1
213,17.95,1,1,1/4/2015,17.95,L,L,1
214,65.5,4,4,1/4/2015,16.375,S,L,3
215,12,1,1,1/4/2015,12,S,S,1
216,51.75,3,3,1/4/2015,17.25,M,L,3
217,28,2,2,1/4/2015,14,S,M,2
218,16.5,1,1,1/4/2015,16.5,M,M,1
219,71.75,4,4,1/4/2015,17.9375,M,L,3
220,63.75,4,4,1/4/2015,15.9375,S,L,2
221,47,3,3,1/4/2015,15.666666666666666,S,L,3
222,30.2,2,2,1/4/2015,15.1,S,L,2
223,11,1,1,1/4/2015,11,S,S,1
224,66,4,4,1/4/2015,16.5,S,L,3
225,50.25,3,3,1/4/2015,16.75,S,L,1
226,20.5,1,1,1/4/2015,20.5,L,L,1
227,32.75,2,2,1/4/2015,16.375,M,M,2
228,12.75,1,1,1/4/2015,12.75,S,S,1
229,54.25,3,3,1/4/2015,18.083333333333332,S,L,2
230,16.75,1,1,1/4/2015,16.75,M,M,1
231,45.25,3,3,1/4/2015,15.083333333333334,S,L,3
232,37.5,2,2,1/4/2015,18.75,M,L,2
233,12,1,1,1/4/2015,12,S,S,1
234,45.25,3,3,1/4/2015,15.083333333333334,S,M,3
235,16.75,1,1,1/4/2015,16.75,M,M,1
236,36.5,2,2,1/4/2015,18.25,M,L,2
237,12,1,1,1/4/2015,12,S,S,1
238,20.75,1,1,1/4/2015,20.75,L,L,1
239,37.5,2,2,1/4/2015,18.75,M,L,2
240,14.75,1,1,1/4/2015,14.75,M,M,1
241,37,2,2,1/4/2015,18.5,M,L,1
242,53,3,3,1/4/2015,17.666666666666668,M,L,3
243,33,2,2,1/4/2015,16.5,S,L,2
244,33.25,2,2,1/4/2015,16.625,S,L,1
245,41.5,2,2,1/4/2015,20.75,L,L,1
246,32,2,2,1/4/2015,16,M,L,2
247,42,3,3,1/4/2015,14,S,M,2
248,31.25,2,2,1/4/2015,15.625,S,L,2
249,33,2,2,1/4/2015,16.5,S,L,2
250,14.75,1,1,1/4/2015,14.75,M,M,1
251,16,1,1,1/4/2015,16,M,M,1
252,16.5,1,1,1/4/2015,16.5,M,M,1
253,23.65,1,1,1/4/2015,23.65,S,S,1
254,62.9,3,3,1/4/2015,20.966666666666665,S,L,3
255,67,4,4,1/5/2015,16.75,M,L,2
256,17.5,1,1,1/5/2015,17.5,L,L,1
257,41.5,2,2,1/5/2015,20.75,L,L,1
258,16,1,1,1/5/2015,16,M,M,1
259,15.25,1,1,1/5/2015,15.25,L,L,1
260,39,2,2,1/5/2015,19.5,L,L,2
261,23.65,1,1,1/5/2015,23.65,S,S,1
262,16.75,1,1,1/5/2015,16.75,M,M,1
263,20.75,1,1,1/5/2015,20.75,L,L,1
264,16,1,1,1/5/2015,16,M,M,1
265,74,4,4,1/5/2015,18.5,M,L,3
266,16.5,1,1,1/5/2015,16.5,M,M,1
267,50.2,3,3,1/5/2015,16.733333333333334,S,L,2
268,30.5,2,2,1/5/2015,15.25,S,L,2
269,16.75,1,1,1/5/2015,16.75,M,M,1
270,62.25,3,3,1/5/2015,20.75,L,L,2
271,210.5,10,13,1/5/2015,15.625,S,L,3
272,16.5,1,1,1/5/2015,16.5,M,M,1
273,12.5,1,1,1/5/2015,12.5,S,S,1
274,38.7,2,2,1/5/2015,19.35,L,L,2
275,65,4,4,1/5/2015,16.25,S,L,3
276,39.25,2,2,1/5/2015,19.625,L,L,2
277,14.75,1,1,1/5/2015,14.75,M,M,1
278,37.5,2,2,1/5/2015,18.75,M,L,2
279,33.5,2,2,1/5/2015,16.75,M,M,1
280,32.5,2,2,1/5/2015,16.25,M,M,2
281,12.25,1,1,1/5/2015,12.25,S,S,1
282,72,4,4,1/5/2015,18,S,L,3
283,16,1,1,1/5/2015,16,M,M,1
284,41.25,3,3,1/5/2015,13.75,S,M,2
285,20.75,1,1,1/5/2015,20.75,L,L,1
286,37.25,2,2,1/5/2015,18.625,M,L,1
287,55.75,4,4,1/5/2015,13.9375,S,M,2
288,65.15,3,3,1/5/2015,21.71666666666667,S,L,1
289,18.5,1,1,1/5/2015,18.5,L,L,1
290,28,2,2,1/5/2015,14,S,M,2
291,69,3,4,1/5/2015,17.416666666666668,M,L,2
292,36.75,2,2,1/5/2015,18.375,M,L,1
293,24.75,2,2,1/5/2015,12.375,S,S,2
294,58.25,3,3,1/5/2015,19.416666666666668,M,L,2
295,16.75,1,1,1/5/2015,16.75,M,M,1
296,40.75,3,3,1/5/2015,13.583333333333334,S,M,3
297,16.75,1,1,1/5/2015,16.75,M,M,1
298,58.25,4,4,1/5/2015,14.5625,S,M,2
299,28,2,2,1/5/2015,14,S,M,2
300,49.25,4,4,1/5/2015,12.3125,S,S,3
301,20.5,1,1,1/5/2015,20.5,L,L,1
302,20.75,1,1,1/5/2015,20.75,L,L,1
303,37.75,3,3,1/5/2015,12.583333333333334,S,M,1
304,30.75,2,2,1/5/2015,15.375,S,L,2
305,44,3,3,1/5/2015,14.666666666666666,S,L,2
306,38.5,3,3,1/5/2015,12.833333333333334,S,M,1
307,37.25,2,2,1/5/2015,18.625,M,L,2
308,46.75,3,3,1/5/2015,15.583333333333334,S,L,2
309,35,2,2,1/6/2015,17.5,M,L,2
310,23.25,2,2,1/6/2015,11.625,S,S,2
311,20.25,1,1,1/6/2015,20.25,L,L,1
312,68.65,4,4,1/6/2015,17.1625,S,M,3
313,16,1,1,1/6/2015,16,M,M,1
314,80,5,5,1/6/2015,16,M,L,3
315,16,1,1,1/6/2015,16,M,M,1
316,27,2,2,1/6/2015,13.5,S,M,2
317,99.2,7,7,1/6/2015,14.171428571428573,S,L,4
318,74,4,4,1/6/2015,18.5,S,L,3
319,16.5,1,1,1/6/2015,16.5,M,M,1
320,37.5,2,2,1/6/2015,18.75,M,L,1
321,20.75,1,1,1/6/2015,20.75,L,L,1
322,74.25,4,4,1/6/2015,18.5625,S,L,2
323,16,1,1,1/6/2015,16,M,M,1
324,18.5,1,1,1/6/2015,18.5,L,L,1
325,24,2,2,1/6/2015,12,S,S,2
326,37.5,2,2,1/6/2015,18.75,M,L,2
327,16,1,1,1/6/2015,16,M,M,1
328,20.25,1,1,1/6/2015,20.25,L,L,1
329,37.25,2,2,1/6/2015,18.625,M,L,1
330,251.4,14,15,1/6/2015,16.675,S,L,4
331,16.5,1,1,1/6/2015,16.5,M,M,1
332,53.75,3,3,1/6/2015,17.916666666666668,M,L,2
333,16.75,1,1,1/6/2015,16.75,M,M,1
334,70.25,4,4,1/6/2015,17.5625,M,L,3
335,20.25,1,1,1/6/2015,20.25,L,L,1
336,20.75,1,1,1/6/2015,20.75,L,L,1
337,31.75,2,2,1/6/2015,15.875,L,L,1
338,66.5,3,3,1/6/2015,22.166666666666668,XL,L,3
339,16.5,1,1,1/6/2015,16.5,M,M,1
340,12.5,1,1,1/6/2015,12.5,S,S,1
341,26.5,2,2,1/6/2015,13.25,S,M,2
342,41,2,2,1/6/2015,20.5,L,L,2
343,33.25,2,2,1/6/2015,16.625,M,L,1
344,16,1,1,1/6/2015,16,M,M,1
345,24.5,2,2,1/6/2015,12.25,S,S,2
346,55,4,4,1/6/2015,13.75,S,L,2
347,57,3,3,1/6/2015,19,M,L,2
348,49.5,3,3,1/6/2015,16.5,S,L,2
349,15.25,1,1,1/6/2015,15.25,L,L,1
350,58,3,4,1/6/2015,15.166666666666666,S,L,2
351,25.25,2,2,1/6/2015,12.625,S,M,1
352,32.5,2,2,1/6/2015,16.25,S,L,1
353,54,3,3,1/6/2015,18,S,L,2
354,32.25,2,2,1/6/2015,16.125,S,L,1
355,33.25,2,2,1/6/2015,16.625,M,M,2
356,16.75,1,1,1/6/2015,16.75,M,M,1
357,45.5,3,3,1/6/2015,15.166666666666666,S,L,2
358,16.5,1,1,1/6/2015,16.5,M,M,1
359,36.75,2,2,1/6/2015,18.375,M,L,2
360,43.25,3,3,1/6/2015,14.416666666666666,S,L,3
361,36,2,3,1/6/2015,12,S,S,1
362,37,2,2,1/6/2015,18.5,M,L,2
363,40.5,2,2,1/6/2015,20.25,L,L,1
364,42,2,2,1/6/2015,21,XL,M,2
365,47.5,3,3,1/6/2015,15.833333333333334,M,L,2
366,20.5,1,1,1/6/2015,20.5,L,L,1
367,32.5,2,2,1/6/2015,16.25,M,L,2
368,37.25,2,2,1/6/2015,18.625,M,L,2
369,16,1,1,1/6/2015,16,M,M,1
370,28.45,2,2,1/6/2015,14.225,S,L,2
371,12.5,1,1,1/6/2015,12.5,M,M,1
372,12,1,1,1/6/2015,12,S,S,1
373,49,3,3,1/7/2015,16.333333333333332,S,L,3
374,41.25,3,3,1/7/2015,13.75,S,M,3
375,16,1,1,1/7/2015,16,M,M,1
376,45.75,2,2,1/7/2015,22.875,XL,L,2
377,34,2,2,1/7/2015,17,M,L,2
378,12.75,1,1,1/7/2015,12.75,S,S,1
379,20.75,1,1,1/7/2015,20.75,L,L,1
380,33,2,2,1/7/2015,16.5,M,M,2
381,16.75,1,1,1/7/2015,16.75,M,M,1
382,28.75,2,2,1/7/2015,14.375,S,M,2
383,16.5,1,1,1/7/2015,16.5,M,M,1
384,54.5,4,4,1/7/2015,13.625,S,M,2
385,20.25,1,1,1/7/2015,20.25,L,L,1
386,46,3,3,1/7/2015,15.333333333333334,S,M,3
387,102.5,7,7,1/7/2015,14.642857142857142,S,L,4
388,57.5,4,4,1/7/2015,14.375,S,M,2
389,20.75,1,1,1/7/2015,20.75,L,L,1
390,17.5,1,1,1/7/2015,17.5,L,L,1
391,16,1,1,1/7/2015,16,M,M,1
392,147,8,9,1/7/2015,17.15625,S,L,3
393,28.5,2,2,1/7/2015,14.25,S,L,2
394,202.75,12,14,1/7/2015,14.8125,S,L,4
395,16,1,1,1/7/2015,16,M,M,1
396,12,1,1,1/7/2015,12,S,S,1
397,66,3,4,1/7/2015,15.833333333333334,M,L,2
398,9.75,1,1,1/7/2015,9.75,S,S,1
399,68.25,4,4,1/7/2015,17.0625,M,L,3
400,33.25,2,2,1/7/2015,16.625,M,L,2
401,16,1,1,1/7/2015,16,M,M,1
402,34.45,2,2,1/7/2015,17.225,M,L,2
403,45.75,3,3,1/7/2015,15.25,S,L,3
404,20.75,1,1,1/7/2015,20.75,L,L,1
405,20.25,1,1,1/7/2015,20.25,L,L,1
406,45.5,3,3,1/7/2015,15.166666666666666,S,M,3
407,49.75,3,3,1/7/2015,16.583333333333332,M,L,2
408,40.15,2,2,1/7/2015,20.075,S,M,1
409,15.25,1,1,1/7/2015,15.25,L,L,1
410,65.5,3,4,1/7/2015,17.833333333333332,XL,M,2
411,37.25,2,2,1/7/2015,18.625,M,L,2
412,40.15,2,2,1/7/2015,20.075,S,M,1
413,12,1,1,1/7/2015,12,S,S,1
414,47,3,3,1/7/2015,15.666666666666666,S,L,3
415,12.75,1,1,1/7/2015,12.75,S,S,1
416,20.25,1,1,1/7/2015,20.25,L,L,1
417,9.75,1,1,1/7/2015,9.75,S,S,1
418,33,2,2,1/7/2015,16.5,M,M,2
419,66,4,4,1/7/2015,16.5,S,L,3
420,29.5,2,2,1/7/2015,14.75,S,L,2
421,53.75,3,3,1/7/2015,17.916666666666668,S,L,2
422,50.45,3,3,1/7/2015,16.816666666666666,M,L,2
423,33,2,2,1/7/2015,16.5,S,L,1
424,12.5,1,1,1/7/2015,12.5,M,M,1
425,16.5,1,1,1/7/2015,16.5,M,M,1
426,44.75,3,3,1/7/2015,14.916666666666666,S,M,2
427,20.25,1,1,1/7/2015,20.25,L,L,1
428,32.25,2,2,1/7/2015,16.125,S,L,2
429,16.5,1,1,1/7/2015,16.5,M,M,1
430,28.25,2,2,1/7/2015,14.125,S,M,2
431,59.2,4,4,1/8/2015,14.8,S,L,3
432,44.75,3,3,1/8/2015,14.916666666666666,S,L,3
433,20.75,1,1,1/8/2015,20.75,L,L,1
434,57,3,3,1/8/2015,19,M,L,3
435,43,3,3,1/8/2015,14.333333333333334,S,M,2
436,60.5,4,4,1/8/2015,15.125,S,L,2
437,16.75,1,1,1/8/2015,16.75,M,M,1
438,16,1,1,1/8/2015,16,M,M,1
439,41.25,3,3,1/8/2015,13.75,S,M,2
440,242.7,14,14,1/8/2015,17.335714285714285,S,L,4
441,41.5,2,2,1/8/2015,20.75,L,L,2
442,20.75,1,1,1/8/2015,20.75,L,L,1
443,251.45,14,15,1/8/2015,16.764285714285712,S,L,4
444,14.75,1,1,1/8/2015,14.75,M,M,1
445,16.5,1,1,1/8/2015,16.5,L,L,1
446,49,3,3,1/8/2015,16.333333333333332,S,L,3
447,18.5,1,1,1/8/2015,18.5,L,L,1
448,41.25,3,3,1/8/2015,13.75,S,M,2
449,20.75,1,1,1/8/2015,20.75,L,L,1
450,12,1,1,1/8/2015,12,S,S,1
451,55.25,3,3,1/8/2015,18.416666666666668,M,L,3
452,45,3,3,1/8/2015,15,S,M,3
453,67.7,4,4,1/8/2015,16.925,S,L,3
454,16.5,1,1,1/8/2015,16.5,M,M,1
455,20.75,1,1,1/8/2015,20.75,L,L,1
456,20.25,1,1,1/8/2015,20.25,L,L,1
457,53.5,3,3,1/8/2015,17.833333333333332,M,L,2
458,45,3,3,1/8/2015,15,S,M,2
459,20.75,1,1,1/8/2015,20.75,L,L,1
460,28.5,2,2,1/8/2015,14.25,S,M,2
461,27.25,2,2,1/8/2015,13.625,S,M,2
462,12,1,1,1/8/2015,12,S,S,1
463,37.25,2,2,1/8/2015,18.625,M,L,2
464,37,2,2,1/8/2015,18.5,M,L,2
465,12,1,1,1/8/2015,12,S,S,1
466,45.75,2,2,1/8/2015,22.875,XL,L,2
467,12.5,1,1,1/8/2015,12.5,S,S,1
468,33.2,2,2,1/8/2015,16.6,L,L,2
469,29,2,2,1/8/2015,14.5,S,M,2
470,12,1,1,1/8/2015,12,S,S,1
471,12.75,1,1,1/8/2015,12.75,S,S,1
472,37.75,2,2,1/8/2015,18.875,M,L,1
473,49.75,3,3,1/8/2015,16.583333333333332,M,L,3
474,21.75,2,2,1/8/2015,10.875,S,S,2
475,32.75,2,2,1/8/2015,16.375,S,L,2
476,49.25,3,3,1/8/2015,16.416666666666668,M,L,3
477,32,2,2,1/8/2015,16,M,M,1
478,33,2,2,1/8/2015,16.5,M,M,2
479,59.5,2,3,1/8/2015,19.5,L,L,2
480,12.5,1,1,1/8/2015,12.5,M,M,1
481,21.75,2,2,1/8/2015,10.875,S,S,2
482,49.25,3,3,1/8/2015,16.416666666666668,S,L,2
483,60.25,4,4,1/8/2015,15.0625,S,L,3
484,38.2,2,2,1/8/2015,19.1,L,L,1
485,16.75,1,1,1/8/2015,16.75,M,M,1
486,12.5,1,1,1/8/2015,12.5,S,S,1
487,51,3,3,1/8/2015,17,S,L,3
488,16,1,1,1/8/2015,16,M,M,1
489,20.75,1,1,1/8/2015,20.75,L,L,1
490,44,3,3,1/8/2015,14.666666666666666,S,M,1
491,64.5,4,4,1/8/2015,16.125,S,L,2
492,53,3,3,1/8/2015,17.666666666666668,M,L,3
493,20.75,1,1,1/8/2015,20.75,L,L,1
494,77.45,4,4,1/8/2015,19.3625,L,L,2
495,36.75,2,2,1/8/2015,18.375,M,L,1
496,29,2,2,1/8/2015,14.5,S,L,2
497,12,1,1,1/8/2015,12,S,S,1
498,16.5,1,1,1/8/2015,16.5,M,M,1
499,60.7,4,4,1/8/2015,15.175,S,L,3
500,16,1,1,1/8/2015,16,M,M,1
501,44,3,3,1/8/2015,14.666666666666666,S,L,2
502,16.75,1,1,1/8/2015,16.75,M,M,1
503,31.5,2,2,1/9/2015,15.75,M,L,2
504,20.5,1,1,1/9/2015,20.5,L,L,1
505,38,2,2,1/9/2015,19,XL,M,1
506,16,1,1,1/9/2015,16,M,M,1
507,12.75,1,1,1/9/2015,12.75,S,S,1
508,42,3,3,1/9/2015,14,S,M,2
509,20.75,1,1,1/9/2015,20.75,L,L,1
510,69.5,4,4,1/9/2015,17.375,S,L,2
511,18.5,1,1,1/9/2015,18.5,L,L,1
512,16.75,1,1,1/9/2015,16.75,M,M,1
513,70.7,4,4,1/9/2015,17.675,M,L,3
514,12,1,1,1/9/2015,12,S,S,1
515,41,2,2,1/9/2015,20.5,L,L,2
516,40.75,2,2,1/9/2015,20.375,L,L,2
517,16,1,1,1/9/2015,16,M,M,1
518,45,3,3,1/9/2015,15,S,L,2
519,12.5,1,1,1/9/2015,12.5,S,S,1
520,20.75,1,1,1/9/2015,20.75,L,L,1
521,12.75,1,1,1/9/2015,12.75,S,S,1
522,212.9,11,13,1/9/2015,16.268181818181816,S,L,4
523,16.5,1,1,1/9/2015,16.5,M,M,1
524,29,2,2,1/9/2015,14.5,S,M,2
525,15.25,1,1,1/9/2015,15.25,L,L,1
526,39.25,2,2,1/9/2015,19.625,L,L,2
527,38.7,2,2,1/9/2015,19.35,L,L,2
528,16,1,1,1/9/2015,16,M,M,1
529,60.25,3,4,1/9/2015,14.5,S,M,3
530,37,2,2,1/9/2015,18.5,M,L,2
531,33,1,2,1/9/2015,16.5,M,M,1
532,33.25,2,2,1/9/2015,16.625,S,L,1
533,64.75,3,3,1/9/2015,21.583333333333332,XL,L,3
534,41.5,2,2,1/9/2015,20.75,L,L,2
535,16,1,1,1/9/2015,16,M,M,1
536,44.4,2,2,1/9/2015,22.2,S,L,1
537,43.25,3,3,1/9/2015,14.416666666666666,S,L,2
538,20.75,1,1,1/9/2015,20.75,L,L,1
539,55.5,3,3,1/9/2015,18.5,M,L,1
540,20.75,1,1,1/9/2015,20.75,L,L,1
541,12,1,1,1/9/2015,12,S,S,1
542,37.25,2,2,1/9/2015,18.625,M,L,2
543,52.75,3,3,1/9/2015,17.583333333333332,M,L,3
544,32.25,2,2,1/9/2015,16.125,M,M,2
545,66.5,4,4,1/9/2015,16.625,S,L,2
546,12,1,1,1/9/2015,12,S,S,1
547,12,1,1,1/9/2015,12,S,S,1
548,16.5,1,1,1/9/2015,16.5,L,L,1
549,32.75,2,2,1/9/2015,16.375,S,L,2
550,32,2,2,1/9/2015,16,M,M,2
551,71.2,4,4,1/9/2015,17.8,M,L,4
552,49.5,3,3,1/9/2015,16.5,S,L,3
553,20.25,1,1,1/9/2015,20.25,L,L,1
554,28.75,2,2,1/9/2015,14.375,S,M,2
555,23.25,2,2,1/9/2015,11.625,S,S,2
556,43.45,2,2,1/9/2015,21.725,XL,L,2
557,24.75,2,2,1/9/2015,12.375,S,S,1
558,13.25,1,1,1/9/2015,13.25,M,M,1
559,12,1,1,1/9/2015,12,S,S,1
560,32.5,2,2,1/9/2015,16.25,M,M,2
561,12.5,1,1,1/9/2015,12.5,S,S,1
562,16.75,1,1,1/9/2015,16.75,M,M,1
563,32.25,2,2,1/9/2015,16.125,S,L,1
564,45.25,3,3,1/9/2015,15.083333333333334,S,L,3
565,12.75,1,1,1/10/2015,12.75,S,S,1
566,20.75,1,1,1/10/2015,20.75,L,L,1
567,184.25,10,11,1/10/2015,16.575,S,L,4
568,20.25,1,1,1/10/2015,20.25,L,L,1
569,41.5,3,3,1/10/2015,13.833333333333334,S,M,2
570,36.75,2,2,1/10/2015,18.375,M,L,2
571,12,1,1,1/10/2015,12,S,S,1
572,16.75,1,1,1/10/2015,16.75,M,M,1
573,34.5,2,2,1/10/2015,17.25,M,L,2
574,16.75,1,1,1/10/2015,16.75,M,M,1
575,72.25,4,4,1/10/2015,18.0625,M,L,2
576,40.75,3,3,1/10/2015,13.583333333333334,S,M,3
577,36.25,2,2,1/10/2015,18.125,M,L,1
578,86.25,5,5,1/10/2015,17.25,XL,L,3
579,12,1,1,1/10/2015,12,S,S,1
580,30,2,2,1/10/2015,15,M,M,2
581,20.25,1,1,1/10/2015,20.25,L,L,1
582,20.25,1,1,1/10/2015,20.25,L,L,1
583,20.75,1,1,1/10/2015,20.75,L,L,1
584,24.75,2,2,1/10/2015,12.375,S,S,1
585,43.9,2,2,1/10/2015,21.95,S,L,2
586,32.75,2,2,1/10/2015,16.375,M,M,2
587,33.25,2,2,1/10/2015,16.625,S,L,1
588,12.75,1,1,1/10/2015,12.75,S,S,1
589,40.5,3,3,1/10/2015,13.5,S,M,2
590,18.5,1,1,1/10/2015,18.5,L,L,1
591,51.45,3,3,1/10/2015,17.150000000000002,S,L,2
592,48,3,3,1/10/2015,16,S,L,3
593,41.5,2,2,1/10/2015,20.75,L,L,2
594,20.25,1,1,1/10/2015,20.25,L,L,1
595,37,2,2,1/10/2015,18.5,M,L,2
596,23.5,2,2,1/10/2015,11.75,S,S,2
597,53.75,3,3,1/10/2015,17.916666666666668,M,L,2
598,20.75,1,1,1/10/2015,20.75,L,L,1
599,20.75,1,1,1/10/2015,20.75,L,L,1
600,61.95,4,4,1/10/2015,15.4875,S,L,2
601,49.25,3,3,1/10/2015,16.416666666666668,S,L,3
602,20.75,1,1,1/10/2015,20.75,L,L,1
603,16,1,1,1/10/2015,16,M,M,1
604,29,2,2,1/10/2015,14.5,S,M,1
605,38,2,2,1/10/2015,19,XL,M,1
606,15.25,1,1,1/10/2015,15.25,L,L,1
607,54,3,3,1/10/2015,18,M,L,2
608,62.5,4,4,1/10/2015,15.625,S,L,2
609,17.95,1,1,1/10/2015,17.95,L,L,1
610,27.25,2,2,1/10/2015,13.625,S,L,1
611,72.75,4,4,1/10/2015,18.1875,XL,L,3
612,65.5,4,4,1/10/2015,16.375,S,L,3
613,12,1,1,1/10/2015,12,S,S,1
614,20.75,1,1,1/10/2015,20.75,L,L,1
615,35.25,2,2,1/10/2015,17.625,M,L,2
616,36.75,2,2,1/10/2015,18.375,M,L,2
617,37.5,2,2,1/10/2015,18.75,M,L,1
618,33,2,2,1/10/2015,16.5,M,M,2
619,20.5,1,1,1/10/2015,20.5,L,L,1
620,66,4,4,1/10/2015,16.5,S,L,3
621,75.2,4,4,1/10/2015,18.8,M,L,2
622,37.25,2,2,1/10/2015,18.625,M,L,1
623,37.25,2,2,1/10/2015,18.625,L,L,2
624,32.75,2,2,1/10/2015,16.375,M,M,2
625,36.75,2,2,1/10/2015,18.375,M,L,2
626,30.75,2,2,1/10/2015,15.375,M,M,2
627,36.5,2,2,1/10/2015,18.25,M,L,1
628,57.25,4,4,1/10/2015,14.3125,S,L,2
629,70,4,4,1/10/2015,17.5,M,L,3
630,12.25,1,1,1/11/2015,12.25,S,S,1
631,15.25,1,1,1/11/2015,15.25,L,L,1
632,12,1,1,1/11/2015,12,S,S,1
633,56.25,3,3,1/11/2015,18.75,L,L,3
634,15.25,1,1,1/11/2015,15.25,L,L,1
635,155.75,10,11,1/11/2015,14.3,S,L,4
636,16,1,1,1/11/2015,16,M,M,1
637,36.5,2,2,1/11/2015,18.25,M,L,2
638,20.25,1,1,1/11/2015,20.25,L,L,1
639,14.5,1,1,1/11/2015,14.5,M,M,1
640,45.5,3,3,1/11/2015,15.166666666666666,S,L,2
641,61.75,4,4,1/11/2015,15.4375,S,L,3
642,78.5,4,4,1/11/2015,19.625,M,L,2
643,16,1,1,1/11/2015,16,M,M,1
644,37.25,2,2,1/11/2015,18.625,M,L,1
645,28.75,2,2,1/11/2015,14.375,S,M,2
646,31.25,2,2,1/11/2015,15.625,S,L,2
647,10.5,1,1,1/11/2015,10.5,S,S,1
648,30.45,2,2,1/11/2015,15.225,M,L,2
649,54,4,4,1/11/2015,13.5,S,M,3
650,12.5,1,1,1/11/2015,12.5,M,M,1
651,41.5,3,3,1/11/2015,13.833333333333334,S,M,3
652,54,4,4,1/11/2015,13.5,S,M,3
653,12.75,1,1,1/11/2015,12.75,S,S,1
654,57,3,3,1/11/2015,19,M,L,2
655,16.5,1,1,1/11/2015,16.5,M,M,1
656,41,2,2,1/11/2015,20.5,L,L,2
657,32.75,2,2,1/11/2015,16.375,M,M,2
658,44.5,3,3,1/11/2015,14.833333333333334,S,M,3
659,36.75,2,2,1/11/2015,18.375,M,L,1
660,29.25,2,2,1/11/2015,14.625,S,M,2
661,12,1,1,1/11/2015,12,S,S,1
662,33.25,2,2,1/11/2015,16.625,S,L,2
663,17.95,1,1,1/11/2015,17.95,L,L,1
664,52.25,3,3,1/11/2015,17.416666666666668,M,L,2
665,28.75,2,2,1/11/2015,14.375,S,M,2
666,16.5,1,1,1/11/2015,16.5,L,L,1
667,21.75,2,2,1/11/2015,10.875,S,S,1
668,74,4,4,1/11/2015,18.5,M,L,2
669,40.75,2,2,1/11/2015,20.375,L,L,2
670,28.5,2,2,1/11/2015,14.25,S,M,2
671,12.75,1,1,1/11/2015,12.75,S,S,1
672,36.75,2,2,1/11/2015,18.375,M,L,2
673,37.5,2,2,1/11/2015,18.75,M,L,2
674,65.5,4,4,1/11/2015,16.375,S,L,3
675,20.5,1,1,1/11/2015,20.5,L,L,1
676,36.25,2,2,1/11/2015,18.125,M,L,1
677,20.75,1,1,1/11/2015,20.75,L,L,1
678,61,3,4,1/11/2015,14.833333333333334,S,M,3
679,79.4,4,4,1/11/2015,19.85,S,L,2
680,29,2,2,1/11/2015,14.5,S,M,2
681,20.75,1,1,1/11/2015,20.75,L,L,1
682,20.75,1,1,1/12/2015,20.75,L,L,1
683,50,3,3,1/12/2015,16.666666666666668,S,L,3
684,17.95,1,1,1/12/2015,17.95,L,L,1
685,20.75,1,1,1/12/2015,20.75,L,L,1
686,12,1,1,1/12/2015,12,S,S,1
687,16.75,1,1,1/12/2015,16.75,M,M,1
688,37.25,2,2,1/12/2015,18.625,M,L,1
689,37.5,2,2,1/12/2015,18.75,M,L,1
690,12.5,1,1,1/12/2015,12.5,M,M,1
691,20.75,1,1,1/12/2015,20.75,L,L,1
692,33.5,2,2,1/12/2015,16.75,M,M,2
693,60.75,4,4,1/12/2015,15.1875,S,L,3
694,50.75,3,3,1/12/2015,16.916666666666668,M,L,2
695,12.75,1,1,1/12/2015,12.75,S,S,1
696,29,2,2,1/12/2015,14.5,S,M,1
697,28.5,2,2,1/12/2015,14.25,S,M,2
698,50.25,3,3,1/12/2015,16.75,S,L,2
699,9.75,1,1,1/12/2015,9.75,S,S,1
700,81.65,5,5,1/12/2015,16.330000000000002,S,L,3
701,23,2,2,1/12/2015,11.5,S,S,2
702,25,2,2,1/12/2015,12.5,S,S,2
703,12.5,1,1,1/12/2015,12.5,S,S,1
704,36.5,2,2,1/12/2015,18.25,M,L,2
705,45.25,3,3,1/12/2015,15.083333333333334,S,M,3
706,33.25,2,2,1/12/2015,16.625,S,L,2
707,58.25,3,3,1/12/2015,19.416666666666668,M,L,2
708,17.95,1,1,1/12/2015,17.95,L,L,1
709,12.75,1,1,1/12/2015,12.75,S,S,1
710,74.75,4,4,1/12/2015,18.6875,XL,L,2
711,71.75,4,4,1/12/2015,17.9375,M,L,4
712,21,1,1,1/12/2015,21,L,L,1
713,30.5,2,2,1/12/2015,15.25,S,L,1
714,63.5,4,4,1/12/2015,15.875,S,L,1
715,45,3,3,1/12/2015,15,M,M,3
716,12,1,1,1/12/2015,12,S,S,1
717,37.5,2,2,1/12/2015,18.75,M,L,1
718,37.5,2,2,1/12/2015,18.75,M,L,1
719,32.75,2,2,1/12/2015,16.375,S,L,2
720,67.25,4,4,1/12/2015,16.8125,M,L,3
721,32.75,2,2,1/12/2015,16.375,S,L,2
722,33,2,2,1/12/2015,16.5,S,L,2
723,30.5,2,2,1/12/2015,15.25,S,L,2
724,69.5,3,4,1/12/2015,16.25,S,L,3
725,70.25,4,4,1/12/2015,17.5625,XL,L,3
726,12.25,1,1,1/12/2015,12.25,S,S,1
727,12.25,1,1,1/12/2015,12.25,S,S,1
728,45.5,3,3,1/12/2015,15.166666666666666,S,M,2
729,44.75,3,3,1/12/2015,14.916666666666666,S,L,2
730,16.5,1,1,1/12/2015,16.5,M,M,1
731,28.25,2,2,1/12/2015,14.125,S,M,2
732,20.25,1,1,1/12/2015,20.25,L,L,1
733,63.75,4,4,1/12/2015,15.9375,S,L,2
734,9.75,1,1,1/12/2015,9.75,S,S,1
735,38.25,3,3,1/12/2015,12.75,S,M,2
736,30.5,2,2,1/12/2015,15.25,S,L,1
737,33.5,2,2,1/13/2015,16.75,M,M,1
738,16.75,1,1,1/13/2015,16.75,M,M,1
739,12,1,1,1/13/2015,12,S,S,1
740,280.95,13,15,1/13/2015,18.611538461538462,XL,L,4
741,16,1,1,1/13/2015,16,M,M,1
742,20.75,1,1,1/13/2015,20.75,L,L,1
743,20.5,1,1,1/13/2015,20.5,L,L,1
744,16.5,1,1,1/13/2015,16.5,M,M,1
745,120.75,7,7,1/13/2015,17.25,M,L,3
746,36.75,2,2,1/13/2015,18.375,M,L,2
747,53.25,3,3,1/13/2015,17.75,S,L,2
748,18.5,1,1,1/13/2015,18.5,L,L,1
749,12.5,1,1,1/13/2015,12.5,M,M,1
750,14.5,1,1,1/13/2015,14.5,M,M,1
751,58.75,4,4,1/13/2015,14.6875,S,L,3
752,23,2,2,1/13/2015,11.5,S,S,2
753,59.75,4,4,1/13/2015,14.9375,S,L,3
754,35.25,2,2,1/13/2015,17.625,M,L,2
755,31.5,2,2,1/13/2015,15.75,M,M,2
756,41.25,3,3,1/13/2015,13.75,S,M,2
757,69.75,4,4,1/13/2015,17.4375,M,L,3
758,27.25,2,2,1/13/2015,13.625,S,M,2
759,20.25,1,1,1/13/2015,20.25,L,L,1
760,12.75,1,1,1/13/2015,12.75,S,S,1
761,28.75,2,2,1/13/2015,14.375,S,M,1
762,87.5,4,4,1/13/2015,21.875,XL,L,3
763,16,1,1,1/13/2015,16,M,M,1
764,42,2,2,1/13/2015,21,XL,M,2
765,58,4,4,1/13/2015,14.5,S,L,3
766,49.5,3,3,1/13/2015,16.5,S,L,2
767,20.5,1,1,1/13/2015,20.5,L,L,1
768,23.65,1,1,1/13/2015,23.65,S,S,1
769,14.75,1,1,1/13/2015,14.75,M,M,1
770,33,2,2,1/13/2015,16.5,S,L,1
771,29,2,2,1/13/2015,14.5,S,M,2
772,16.75,1,1,1/13/2015,16.75,M,M,1
773,33.5,2,2,1/13/2015,16.75,M,L,1
774,32.75,2,2,1/13/2015,16.375,S,L,2
775,66.75,4,4,1/13/2015,16.6875,S,L,4
776,53.5,2,3,1/13/2015,16.375,S,L,2
777,36.75,2,2,1/13/2015,18.375,M,L,2
778,64.5,4,4,1/13/2015,16.125,M,M,3
779,69.25,4,4,1/13/2015,17.3125,M,L,2
780,32.5,2,2,1/13/2015,16.25,S,L,1
781,78.25,4,4,1/13/2015,19.5625,M,L,3
782,41,2,2,1/13/2015,20.5,L,L,2
783,52.75,3,3,1/13/2015,17.583333333333332,M,L,2
784,16,1,1,1/13/2015,16,M,M,1
785,37.25,2,2,1/14/2015,18.625,L,L,2
786,18.5,1,1,1/14/2015,18.5,L,L,1
787,37.5,2,2,1/14/2015,18.75,M,L,2
788,12.25,1,1,1/14/2015,12.25,S,S,1
789,20.25,1,1,1/14/2015,20.25,L,L,1
790,39.25,2,2,1/14/2015,19.625,L,L,2
791,26.5,2,2,1/14/2015,13.25,S,M,2
792,141.7,7,8,1/14/2015,17.27857142857143,S,L,3
793,20.75,1,1,1/14/2015,20.75,L,L,1
794,16,1,1,1/14/2015,16,M,M,1
795,18.5,1,1,1/14/2015,18.5,L,L,1
796,16,1,1,1/14/2015,16,M,M,1
797,49,3,3,1/14/2015,16.333333333333332,M,M,2
798,59,4,4,1/14/2015,14.75,S,L,2
799,44.25,3,3,1/14/2015,14.75,S,M,3
800,122,6,8,1/14/2015,14.833333333333334,S,L,4
801,226.75,12,13,1/14/2015,17.875,S,L,4
802,23.25,2,2,1/14/2015,11.625,S,S,2
803,16.5,1,1,1/14/2015,16.5,M,M,1
804,12.5,1,1,1/14/2015,12.5,S,S,1
805,26.75,2,2,1/14/2015,13.375,S,M,2
806,20.75,1,1,1/14/2015,20.75,L,L,1
807,12,1,1,1/14/2015,12,S,S,1
808,41.5,1,2,1/14/2015,20.75,L,L,1
809,10.5,1,1,1/14/2015,10.5,S,S,1
810,16.75,1,1,1/14/2015,16.75,M,M,1
811,16,1,1,1/14/2015,16,M,M,1
812,26.75,2,2,1/14/2015,13.375,S,M,2
813,33.5,2,2,1/14/2015,16.75,S,L,1
814,32.25,2,2,1/14/2015,16.125,S,L,2
815,20.5,1,1,1/14/2015,20.5,L,L,1
816,41,2,2,1/14/2015,20.5,L,L,2
817,66,4,4,1/14/2015,16.5,S,L,2
818,43.5,3,3,1/14/2015,14.5,S,L,2
819,29,2,2,1/14/2015,14.5,S,M,2
820,41.5,2,2,1/14/2015,20.75,L,L,2
821,18.5,1,1,1/14/2015,18.5,L,L,1
822,25.5,1,1,1/14/2015,25.5,XL,XL,1
823,54,3,3,1/14/2015,18,M,L,2
824,74,4,4,1/14/2015,18.5,S,L,3
825,30.75,2,2,1/14/2015,15.375,S,L,2
826,56.75,3,3,1/14/2015,18.916666666666668,L,L,3
827,37.25,2,2,1/14/2015,18.625,M,L,2
828,41.5,2,2,1/14/2015,20.75,L,L,2
829,57.5,4,4,1/14/2015,14.375,S,M,2
830,42.25,3,3,1/14/2015,14.083333333333334,M,M,2
831,73.75,4,4,1/14/2015,18.4375,M,L,3
832,16.5,1,1,1/14/2015,16.5,L,L,1
833,24,2,2,1/14/2015,12,S,S,1
834,63.25,4,4,1/14/2015,15.8125,S,L,4
835,66.75,4,4,1/14/2015,16.6875,S,L,2
836,72.45,4,4,1/14/2015,18.1125,XL,L,2
837,16.5,1,1,1/14/2015,16.5,M,M,1
838,49.25,3,3,1/14/2015,16.416666666666668,M,M,3
839,40.5,1,2,1/14/2015,20.25,L,L,1
840,20.75,1,1,1/14/2015,20.75,L,L,1
841,20.75,1,1,1/14/2015,20.75,L,L,1
842,41,3,3,1/14/2015,13.666666666666666,S,M,2
843,16.5,1,1,1/14/2015,16.5,M,M,1
844,16,1,1,1/14/2015,16,M,M,1
845,76.25,4,4,1/14/2015,19.0625,M,L,4
846,39.25,2,2,1/14/2015,19.625,L,L,2
847,12.5,1,1,1/15/2015,12.5,M,M,1
848,12,1,1,1/15/2015,12,S,S,1
849,61.5,4,4,1/15/2015,15.375,S,L,2
850,55.45,3,3,1/15/2015,18.483333333333334,M,L,2
851,20.75,1,1,1/15/2015,20.75,L,L,1
852,16.75,1,1,1/15/2015,16.75,M,M,1
853,12.5,1,1,1/15/2015,12.5,M,M,1
854,30.5,2,2,1/15/2015,15.25,S,L,2
855,80,5,5,1/15/2015,16,S,L,3
856,20.75,1,1,1/15/2015,20.75,L,L,1
857,12,1,1,1/15/2015,12,S,S,1
858,49.25,3,3,1/15/2015,16.416666666666668,S,L,3
859,65.5,4,4,1/15/2015,16.375,S,L,3
860,28.75,2,2,1/15/2015,14.375,S,M,1
861,20.75,1,1,1/15/2015,20.75,L,L,1
862,16.75,1,1,1/15/2015,16.75,M,M,1
863,16.75,1,1,1/15/2015,16.75,M,M,1
864,152.5,9,9,1/15/2015,16.944444444444443,S,L,3
865,12,1,1,1/15/2015,12,S,S,1
866,16.5,1,1,1/15/2015,16.5,M,M,1
867,27,2,2,1/15/2015,13.5,S,L,1
868,16.5,1,1,1/15/2015,16.5,M,M,1
869,37.25,2,2,1/15/2015,18.625,M,L,2
870,33.25,2,2,1/15/2015,16.625,M,L,1
871,12.75,1,1,1/15/2015,12.75,S,S,1
872,16.5,1,1,1/15/2015,16.5,M,M,1
873,12.5,1,1,1/15/2015,12.5,M,M,1
874,31.75,2,2,1/15/2015,15.875,S,L,2
875,16.75,1,1,1/15/2015,16.75,M,M,1
876,44,3,3,1/15/2015,14.666666666666666,S,L,3
877,17.95,1,1,1/15/2015,17.95,L,L,1
878,16.75,1,1,1/15/2015,16.75,M,M,1
879,41.25,3,3,1/15/2015,13.75,S,M,3
880,25,2,2,1/15/2015,12.5,S,L,1
881,29.25,2,2,1/15/2015,14.625,S,M,2
882,49.25,3,3,1/15/2015,16.416666666666668,S,L,3
883,51.75,4,4,1/15/2015,12.9375,S,M,3
884,10.5,1,1,1/15/2015,10.5,S,S,1
885,70.25,4,4,1/15/2015,17.5625,XL,M,3
886,53.25,3,3,1/15/2015,17.75,S,L,2
887,31.75,2,2,1/15/2015,15.875,M,L,2
888,28.75,2,2,1/15/2015,14.375,S,M,1
889,20.75,1,1,1/15/2015,20.75,L,L,1
890,14.75,1,1,1/15/2015,14.75,M,M,1
891,20.75,1,1,1/15/2015,20.75,L,L,1
892,38.2,2,2,1/15/2015,19.1,L,L,1
893,17.95,1,1,1/15/2015,17.95,L,L,1
894,12,1,1,1/15/2015,12,S,S,1
895,47,3,3,1/15/2015,15.666666666666666,S,L,2
896,39.25,2,2,1/15/2015,19.625,L,L,2
897,52.75,3,3,1/15/2015,17.583333333333332,S,L,2
898,12,1,1,1/15/2015,12,S,S,1
899,46.25,2,2,1/15/2015,23.125,XL,L,2
900,25,2,2,1/15/2015,12.5,S,L,1
901,12,1,1,1/15/2015,12,S,S,1
902,20.75,1,1,1/15/2015,20.75,L,L,1
903,62,3,3,1/15/2015,20.666666666666668,L,L,2
904,27.75,2,2,1/15/2015,13.875,S,M,2
905,49.5,3,3,1/15/2015,16.5,M,M,2
906,33.25,2,2,1/15/2015,16.625,S,L,2
907,12.25,1,1,1/15/2015,12.25,S,S,1
908,33.25,2,2,1/15/2015,16.625,M,L,2
909,50,3,3,1/16/2015,16.666666666666668,S,L,3
910,44.75,3,3,1/16/2015,14.916666666666666,S,L,3
911,24.75,2,2,1/16/2015,12.375,S,S,2
912,14.5,1,1,1/16/2015,14.5,M,M,1
913,12.5,1,1,1/16/2015,12.5,S,S,1
914,16,1,1,1/16/2015,16,M,M,1
915,124.25,8,8,1/16/2015,15.53125,S,L,4
916,77.5,4,4,1/16/2015,19.375,XL,L,3
917,20.75,1,1,1/16/2015,20.75,L,L,1
918,12,1,1,1/16/2015,12,S,S,1
919,20.5,1,1,1/16/2015,20.5,L,L,1
920,32.75,2,2,1/16/2015,16.375,M,M,2
921,41.5,2,2,1/16/2015,20.75,L,L,2
922,49.5,3,3,1/16/2015,16.5,M,L,3
923,28,2,2,1/16/2015,14,S,M,1
924,36,2,2,1/16/2015,18,L,L,2
925,20.25,1,1,1/16/2015,20.25,L,L,1
926,63.75,4,4,1/16/2015,15.9375,S,L,3
927,134.75,9,9,1/16/2015,14.972222222222221,S,M,3
928,41.5,2,2,1/16/2015,20.75,L,L,1
929,18.5,1,1,1/16/2015,18.5,L,L,1
930,43.5,3,3,1/16/2015,14.5,S,L,1
931,51.75,3,3,1/16/2015,17.25,S,L,3
932,29,2,2,1/16/2015,14.5,S,M,2
933,18.5,1,1,1/16/2015,18.5,L,L,1
934,20.75,1,1,1/16/2015,20.75,L,L,1
935,64.75,4,4,1/16/2015,16.1875,S,L,3
936,12.25,1,1,1/16/2015,12.25,S,S,1
937,12.5,1,1,1/16/2015,12.5,S,S,1
938,57.5,3,3,1/16/2015,19.166666666666668,M,L,2
939,33.25,2,2,1/16/2015,16.625,S,L,2
940,51.5,3,3,1/16/2015,17.166666666666668,M,L,2
941,36.5,2,2,1/16/2015,18.25,M,L,2
942,37.5,2,2,1/16/2015,18.75,M,L,1
943,12.25,1,1,1/16/2015,12.25,S,S,1
944,16,1,1,1/16/2015,16,M,M,1
945,67.7,4,4,1/16/2015,16.925,S,L,3
946,55.75,4,4,1/16/2015,13.9375,S,L,4
947,57.5,3,3,1/16/2015,19.166666666666668,XL,L,2
948,59,4,4,1/16/2015,14.75,S,L,3
949,36.25,2,2,1/16/2015,18.125,M,L,1
950,16.75,1,1,1/16/2015,16.75,M,M,1
951,16.75,1,1,1/16/2015,16.75,M,M,1
952,60.75,4,4,1/16/2015,15.1875,S,L,3
953,41.5,3,3,1/16/2015,13.833333333333334,S,M,2
954,41.5,1,2,1/16/2015,20.75,L,L,1
955,55.75,3,3,1/16/2015,18.583333333333332,M,L,3
956,29.25,2,2,1/16/2015,14.625,S,M,2
957,71.7,4,4,1/16/2015,17.925,S,L,1
958,15.25,1,1,1/16/2015,15.25,L,L,1
959,29.25,2,2,1/16/2015,14.625,S,M,2
960,41.5,1,2,1/16/2015,20.75,L,L,1
961,33.25,2,2,1/16/2015,16.625,S,L,2
962,29.5,2,2,1/16/2015,14.75,S,L,1
963,70.5,3,4,1/16/2015,17.916666666666668,M,L,2
964,26.75,2,2,1/16/2015,13.375,S,M,2
965,65.5,4,4,1/16/2015,16.375,S,L,3
966,32.5,2,2,1/16/2015,16.25,S,L,2
967,16,1,1,1/16/2015,16,M,M,1
968,22.5,2,2,1/16/2015,11.25,S,S,1
969,16,1,1,1/16/2015,16,M,M,1
970,36.75,2,2,1/16/2015,18.375,M,L,2
971,73.75,4,4,1/16/2015,18.4375,M,L,3
972,25,2,2,1/16/2015,12.5,S,L,1
973,20.25,1,1,1/16/2015,20.25,L,L,1
974,12,1,1,1/16/2015,12,S,S,1
975,36.25,2,2,1/16/2015,18.125,M,L,1
976,15.25,1,1,1/17/2015,15.25,L,L,1
977,35.25,2,2,1/17/2015,17.625,M,L,2
978,206.55,11,12,1/17/2015,16.62727272727273,S,L,4
979,16.5,1,1,1/17/2015,16.5,M,M,1
980,103,6,6,1/17/2015,17.166666666666668,S,L,3
981,20.75,1,1,1/17/2015,20.75,L,L,1
982,70.45,4,4,1/17/2015,17.6125,L,L,3
983,12,1,1,1/17/2015,12,S,S,1
984,12,1,1,1/17/2015,12,S,S,1
985,42.5,3,3,1/17/2015,14.166666666666666,S,M,3
986,16,1,1,1/17/2015,16,M,M,1
987,53.5,3,3,1/17/2015,17.833333333333332,S,L,2
988,21,1,1,1/17/2015,21,L,L,1
989,10.5,1,1,1/17/2015,10.5,S,S,1
990,9.75,1,1,1/17/2015,9.75,S,S,1
991,24.5,2,2,1/17/2015,12.25,S,S,2
992,16.5,1,1,1/17/2015,16.5,M,M,1
993,16.75,1,1,1/17/2015,16.75,M,M,1
994,60.75,4,4,1/17/2015,15.1875,S,L,2
995,20.75,1,1,1/17/2015,20.75,L,L,1
996,61,4,4,1/17/2015,15.25,S,L,2
997,16,1,1,1/17/2015,16,M,M,1
998,20.5,1,1,1/17/2015,20.5,L,L,1
999,16.75,1,1,1/17/2015,16.75,M,M,1
1000,43.9,2,2,1/17/2015,21.95,S,L,2
